{
  "name": "root",
  "total": 18.2096987,
  "count": 1,
  "self": 10.026467400000024,
  "children": [
    {
      "name": "TrainerController.advance",
      "total": 8.183231299999976,
      "count": 1644,
      "self": 0.02339049999998366,
      "children": [
        {
          "name": "env_step",
          "total": 7.985060000000031,
          "count": 1644,
          "self": 6.839428599999989,
          "children": [
            {
              "name": "SubprocessEnvManager._take_step",
              "total": 1.1273953000000247,
              "count": 1644,
              "self": 0.049616500000086106,
              "children": [
                {
                  "name": "PPOPolicy.evaluate",
                  "total": 1.0777787999999386,
                  "count": 1644,
                  "self": 1.0777787999999386
                }
              ]
            },
            {
              "name": "workers",
              "total": 0.018236100000017075,
              "count": 1643,
              "self": 0.0,
              "children": [
                {
                  "name": "worker_root",
                  "total": 17.430813999999945,
                  "count": 1643,
                  "is_parallel": true,
                  "self": 11.966071499999845,
                  "children": [
                    {
                      "name": "batched_step_result_from_proto",
                      "total": 0.0005158000000005103,
                      "count": 1,
                      "is_parallel": true,
                      "self": 0.00014700000000011926,
                      "children": [
                        {
                          "name": "_process_vector_observation",
                          "total": 0.00036880000000039104,
                          "count": 1,
                          "is_parallel": true,
                          "self": 0.00036880000000039104
                        }
                      ]
                    },
                    {
                      "name": "UnityEnvironment.step",
                      "total": 5.464226700000099,
                      "count": 1643,
                      "is_parallel": true,
                      "self": 0.14531790000019562,
                      "children": [
                        {
                          "name": "UnityEnvironment._generate_step_input",
                          "total": 0.08718429999993482,
                          "count": 1643,
                          "is_parallel": true,
                          "self": 0.08718429999993482
                        },
                        {
                          "name": "communicator.exchange",
                          "total": 4.733347499999944,
                          "count": 1643,
                          "is_parallel": true,
                          "self": 4.733347499999944
                        },
                        {
                          "name": "batched_step_result_from_proto",
                          "total": 0.4983770000000245,
                          "count": 1643,
                          "is_parallel": true,
                          "self": 0.16868950000001703,
                          "children": [
                            {
                              "name": "_process_vector_observation",
                              "total": 0.32968750000000746,
                              "count": 1643,
                              "is_parallel": true,
                              "self": 0.32968750000000746
                            }
                          ]
                        }
                      ]
                    }
                  ]
                }
              ]
            }
          ]
        },
        {
          "name": "trainer_advance",
          "total": 0.17478079999996154,
          "count": 1643,
          "self": 0.03808270000000036,
          "children": [
            {
              "name": "process_trajectory",
              "total": 0.1366980999999612,
              "count": 1643,
              "self": 0.1366980999999612
            }
          ]
        }
      ]
    }
  ]
}