{
  "name": "root",
  "gauges": [
    {
      "name": "My Behavior.mean_reward",
      "value": -66.80700053814799,
      "min": -66.80700053814799,
      "max": -66.80700053814799,
      "count": 1
    }
  ],
  "total": 93.5813967,
  "count": 1,
  "self": 20.545037499999907,
  "children": [
    {
      "name": "TrainerController.advance",
      "total": 73.03635920000009,
      "count": 12567,
      "self": 0.16977760000001751,
      "children": [
        {
          "name": "env_step",
          "total": 70.7881580999997,
          "count": 12567,
          "self": 62.783927799999475,
          "children": [
            {
              "name": "SubprocessEnvManager._take_step",
              "total": 7.867298300000165,
              "count": 12567,
              "self": 0.33715340000037486,
              "children": [
                {
                  "name": "PPOPolicy.evaluate",
                  "total": 7.53014489999979,
                  "count": 12567,
                  "self": 7.53014489999979
                }
              ]
            },
            {
              "name": "workers",
              "total": 0.1369320000000691,
              "count": 12566,
              "self": 0.0,
              "children": [
                {
                  "name": "worker_root",
                  "total": 92.60432059999971,
                  "count": 12566,
                  "is_parallel": true,
                  "self": 39.58083959999894,
                  "children": [
                    {
                      "name": "batched_step_result_from_proto",
                      "total": 0.0004021999999999082,
                      "count": 1,
                      "is_parallel": true,
                      "self": 0.00013129999999961228,
                      "children": [
                        {
                          "name": "_process_vector_observation",
                          "total": 0.0002709000000002959,
                          "count": 1,
                          "is_parallel": true,
                          "self": 0.0002709000000002959
                        }
                      ]
                    },
                    {
                      "name": "UnityEnvironment.step",
                      "total": 53.023078800000775,
                      "count": 12566,
                      "is_parallel": true,
                      "self": 1.0342276000000794,
                      "children": [
                        {
                          "name": "UnityEnvironment._generate_step_input",
                          "total": 0.5859838000003563,
                          "count": 12566,
                          "is_parallel": true,
                          "self": 0.5859838000003563
                        },
                        {
                          "name": "communicator.exchange",
                          "total": 47.73440149999969,
                          "count": 12566,
                          "is_parallel": true,
                          "self": 47.73440149999969
                        },
                        {
                          "name": "batched_step_result_from_proto",
                          "total": 3.668465900000644,
                          "count": 12566,
                          "is_parallel": true,
                          "self": 1.2302437999999967,
                          "children": [
                            {
                              "name": "_process_vector_observation",
                              "total": 2.4382221000006474,
                              "count": 12566,
                              "is_parallel": true,
                              "self": 2.4382221000006474
                            }
                          ]
                        }
                      ]
                    }
                  ]
                }
              ]
            }
          ]
        },
        {
          "name": "trainer_advance",
          "total": 2.078423500000376,
          "count": 12566,
          "self": 0.27006750000055035,
          "children": [
            {
              "name": "process_trajectory",
              "total": 0.7554796999998317,
              "count": 12566,
              "self": 0.7554796999998317
            },
            {
              "name": "_update_policy",
              "total": 1.052876299999994,
              "count": 1,
              "self": 0.5896125000000154,
              "children": [
                {
                  "name": "PPOPolicy.update",
                  "total": 0.4632637999999787,
                  "count": 30,
                  "self": 0.4632637999999787
                }
              ]
            }
          ]
        }
      ]
    }
  ]
}