{
  "name": "root",
  "total": 11.2813947,
  "count": 1,
  "self": 7.368880799999991,
  "children": [
    {
      "name": "TrainerController.advance",
      "total": 3.9125139000000093,
      "count": 401,
      "self": 0.0055180000000127905,
      "children": [
        {
          "name": "env_step",
          "total": 3.7892924999999966,
          "count": 401,
          "self": 3.4888294000000037,
          "children": [
            {
              "name": "SubprocessEnvManager._take_step",
              "total": 0.29628869999999985,
              "count": 401,
              "self": 0.011180199999991203,
              "children": [
                {
                  "name": "PPOPolicy.evaluate",
                  "total": 0.28510850000000865,
                  "count": 401,
                  "self": 0.28510850000000865
                }
              ]
            },
            {
              "name": "workers",
              "total": 0.004174399999993028,
              "count": 400,
              "self": 0.0,
              "children": [
                {
                  "name": "worker_root",
                  "total": 10.481186299999994,
                  "count": 400,
                  "is_parallel": true,
                  "self": 7.360268799999986,
                  "children": [
                    {
                      "name": "batched_step_result_from_proto",
                      "total": 0.00040210000000051593,
                      "count": 1,
                      "is_parallel": true,
                      "self": 0.0001382000000003103,
                      "children": [
                        {
                          "name": "_process_vector_observation",
                          "total": 0.00026390000000020564,
                          "count": 1,
                          "is_parallel": true,
                          "self": 0.00026390000000020564
                        }
                      ]
                    },
                    {
                      "name": "UnityEnvironment.step",
                      "total": 3.1205154000000075,
                      "count": 400,
                      "is_parallel": true,
                      "self": 0.03554500000003191,
                      "children": [
                        {
                          "name": "UnityEnvironment._generate_step_input",
                          "total": 0.020205399999981388,
                          "count": 400,
                          "is_parallel": true,
                          "self": 0.020205399999981388
                        },
                        {
                          "name": "communicator.exchange",
                          "total": 2.9424026000000127,
                          "count": 400,
                          "is_parallel": true,
                          "self": 2.9424026000000127
                        },
                        {
                          "name": "batched_step_result_from_proto",
                          "total": 0.12236239999998144,
                          "count": 400,
                          "is_parallel": true,
                          "self": 0.04008299999998144,
                          "children": [
                            {
                              "name": "_process_vector_observation",
                              "total": 0.0822794,
                              "count": 400,
                              "is_parallel": true,
                              "self": 0.0822794
                            }
                          ]
                        }
                      ]
                    }
                  ]
                }
              ]
            }
          ]
        },
        {
          "name": "trainer_advance",
          "total": 0.1177033999999999,
          "count": 400,
          "self": 0.009129100000013324,
          "children": [
            {
              "name": "process_trajectory",
              "total": 0.10857429999998658,
              "count": 400,
              "self": 0.10857429999998658
            }
          ]
        }
      ]
    }
  ]
}