{"cameraMode":{"drawMode":0,"name":"Shaded","section":"Shading Mode"},"sceneLighting":true,"audioPlay":false,"sceneViewState":{"showFog":true,"showMaterialUpdate":false,"showSkybox":true,"showFlares":true,"showImageEffects":true,"showParticleSystems":true},"in2DMode":false,"pivot":{"x":-0.33776888251304629,"y":6.959334373474121,"z":-13.160506248474121},"rotation":{"x":0.18147090077400208,"y":0.07426277548074722,"z":-0.013743768446147442,"w":0.9804919958114624},"size":24.07137680053711,"orthographic":true}