{"cameraMode":{"drawMode":0,"name":"Shaded","section":"Shading Mode"},"sceneLighting":true,"audioPlay":false,"sceneViewState":{"showFog":true,"showMaterialUpdate":false,"showSkybox":true,"showFlares":true,"showImageEffects":true,"showParticleSystems":true},"in2DMode":false,"pivot":{"x":3.0574898719787599,"y":4.3965253829956059,"z":-7.826041221618652},"rotation":{"x":0.10535500198602677,"y":0.11044033616781235,"z":-0.011773763224482537,"w":0.9882128834724426},"size":14.629730224609375,"orthographic":true}