{
  "name": "root",
  "total": 65.1238331,
  "count": 1,
  "self": 17.454538299999896,
  "children": [
    {
      "name": "TrainerController.advance",
      "total": 47.6692948000001,
      "count": 9140,
      "self": 0.13452900000041268,
      "children": [
        {
          "name": "env_step",
          "total": 46.73094959999979,
          "count": 9140,
          "self": 40.40113850000008,
          "children": [
            {
              "name": "SubprocessEnvManager._take_step",
              "total": 6.225408099999978,
              "count": 9140,
              "self": 0.2855366000002739,
              "children": [
                {
                  "name": "PPOPolicy.evaluate",
                  "total": 5.939871499999704,
                  "count": 9140,
                  "self": 5.939871499999704
                }
              ]
            },
            {
              "name": "workers",
              "total": 0.10440299999973135,
              "count": 9139,
              "self": 0.0,
              "children": [
                {
                  "name": "worker_root",
                  "total": 64.2039633999999,
                  "count": 9139,
                  "is_parallel": true,
                  "self": 31.695620200000008,
                  "children": [
                    {
                      "name": "batched_step_result_from_proto",
                      "total": 0.0003919999999997259,
                      "count": 1,
                      "is_parallel": true,
                      "self": 0.00012790000000073576,
                      "children": [
                        {
                          "name": "_process_vector_observation",
                          "total": 0.00026409999999899014,
                          "count": 1,
                          "is_parallel": true,
                          "self": 0.00026409999999899014
                        }
                      ]
                    },
                    {
                      "name": "UnityEnvironment.step",
                      "total": 32.5079511999999,
                      "count": 9139,
                      "is_parallel": true,
                      "self": 0.8168601999993115,
                      "children": [
                        {
                          "name": "UnityEnvironment._generate_step_input",
                          "total": 0.4928155000005656,
                          "count": 9139,
                          "is_parallel": true,
                          "self": 0.4928155000005656
                        },
                        {
                          "name": "communicator.exchange",
                          "total": 28.415052599999846,
                          "count": 9139,
                          "is_parallel": true,
                          "self": 28.415052599999846
                        },
                        {
                          "name": "batched_step_result_from_proto",
                          "total": 2.783222900000178,
                          "count": 9139,
                          "is_parallel": true,
                          "self": 0.9358794000003012,
                          "children": [
                            {
                              "name": "_process_vector_observation",
                              "total": 1.8473434999998766,
                              "count": 9139,
                              "is_parallel": true,
                              "self": 1.8473434999998766
                            }
                          ]
                        }
                      ]
                    }
                  ]
                }
              ]
            }
          ]
        },
        {
          "name": "trainer_advance",
          "total": 0.803816199999897,
          "count": 9139,
          "self": 0.2158444999998146,
          "children": [
            {
              "name": "process_trajectory",
              "total": 0.5879717000000824,
              "count": 9139,
              "self": 0.5879717000000824
            }
          ]
        }
      ]
    }
  ]
}